item_name,item_code,kind_name,kind_code,rank,rank_code,unit,day1,dpr1,day2,dpr2,day3,dpr3,day4,dpr4,day5,dpr5,day6,dpr6,day7,dpr7,date,region
깐마늘(국산),258,깐마늘(국산)(1kg),1,상품,4,1kg,당일 (10/29),"10,786",1일전 (10/28),"10,888",1주일전 (10/22),"10,988",2주일전 (10/15),"10,537",1개월전,"10,279",1년전,"9,851",일평년,"10,766",2024-10-29,서울
깐마늘(국산),258,깐마늘(국산)(1kg),1,상품,4,1kg,당일 (10/30),"10,739",1일전 (10/29),"10,786",1주일전 (10/23),"10,750",2주일전 (10/16),"10,774",1개월전,"10,279",1년전,"9,851",일평년,"10,766",2024-10-30,서울
깐마늘(국산),258,깐마늘(국산)(1kg),1,상품,4,1kg,당일 (01/01),-,1일전 (12/31),-,1주일전 (12/25),-,2주일전 (12/18),"8,980",1개월전,"9,487",1년전,"12,734",일평년,"10,593",2024-01-01,
깐마늘(국산),258,깐마늘(국산)(1kg),1,상품,4,1kg,당일 (01/02),"10,630",1일전 (01/01),-,1주일전 (12/26),"8,980",2주일전 (12/19),"8,980",1개월전,"9,487",1년전,"12,734",일평년,"10,593",2024-01-02,
깐마늘(국산),258,깐마늘(국산)(1kg),1,상품,4,1kg,당일 (01/03),"10,630",1일전 (01/02),"10,630",1주일전 (12/27),"8,980",2주일전 (12/20),"8,980",1개월전,"9,487",1년전,"12,734",일평년,"10,593",2024-01-03,
깐마늘(국산),258,깐마늘(국산)(1kg),1,상품,4,1kg,당일 (01/04),"10,630",1일전 (01/03),"10,630",1주일전 (12/28),"8,980",2주일전 (12/21),"8,980",1개월전,"9,487",1년전,"12,734",일평년,"10,593",2024-01-04,
깐마늘(국산),258,깐마늘(국산)(1kg),1,상품,4,1kg,당일 (01/05),"7,980",1일전 (01/04),"10,630",1주일전 (12/29),"8,980",2주일전 (12/22),"8,980",1개월전,"9,487",1년전,"12,734",일평년,"10,593",2024-01-05,
깐마늘(국산),258,깐마늘(국산)(1kg),1,상품,4,1kg,당일 (01/06),-,1일전 (01/05),"7,980",1주일전 (12/30),-,2주일전 (12/23),-,1개월전,"9,487",1년전,"12,734",일평년,"10,593",2024-01-06,
깐마늘(국산),258,깐마늘(국산)(1kg),1,상품,4,1kg,당일 (01/08),"7,980",1일전 (01/07),-,1주일전 (01/01),-,2주일전 (12/25),-,1개월전,"9,487",1년전,"12,734",일평년,"10,593",2024-01-08,
깐마늘(국산),258,깐마늘(국산)(1kg),1,상품,4,1kg,당일 (01/09),"7,980",1일전 (01/08),"7,980",1주일전 (01/02),"10,630",2주일전 (12/26),"8,980",1개월전,"9,487",1년전,"12,734",일평년,"10,593",2024-01-09,
깐마늘(국산),258,깐마늘(국산)(1kg),1,상품,4,1kg,당일 (01/10),"7,980",1일전 (01/09),"7,980",1주일전 (01/03),"10,630",2주일전 (12/27),"8,980",1개월전,"9,487",1년전,"12,734",일평년,"10,593",2024-01-10,
깐마늘(국산),258,깐마늘(국산)(1kg),1,상품,4,1kg,당일 (01/11),"7,980",1일전 (01/10),"7,980",1주일전 (01/04),"10,630",2주일전 (12/28),"8,980",1개월전,"9,822",1년전,"12,632",일평년,"10,335",2024-01-11,
깐마늘(국산),258,깐마늘(국산)(1kg),1,상품,4,1kg,당일 (01/12),"10,630",1일전 (01/11),"7,980",1주일전 (01/05),"7,980",2주일전 (12/29),"8,980",1개월전,"9,822",1년전,"12,632",일평년,"10,335",2024-01-12,
깐마늘(국산),258,깐마늘(국산)(1kg),1,상품,4,1kg,당일 (01/13),-,1일전 (01/12),"10,630",1주일전 (01/06),-,2주일전 (12/30),-,1개월전,"9,822",1년전,"12,632",일평년,"10,335",2024-01-13,
깐마늘(국산),258,깐마늘(국산)(1kg),1,상품,4,1kg,당일 (01/15),"10,630",1일전 (01/14),-,1주일전 (01/08),"7,980",2주일전 (01/01),-,1개월전,"9,822",1년전,"12,632",일평년,"10,335",2024-01-15,
깐마늘(국산),258,깐마늘(국산)(1kg),1,상품,4,1kg,당일 (01/16),"10,630",1일전 (01/15),"10,630",1주일전 (01/09),"7,980",2주일전 (01/02),"10,630",1개월전,"9,822",1년전,"12,632",일평년,"10,335",2024-01-16,
깐마늘(국산),258,깐마늘(국산)(1kg),1,상품,4,1kg,당일 (01/17),"10,630",1일전 (01/16),"10,630",1주일전 (01/10),"7,980",2주일전 (01/03),"10,630",1개월전,"9,822",1년전,"12,632",일평년,"10,335",2024-01-17,
깐마늘(국산),258,깐마늘(국산)(1kg),1,상품,4,1kg,당일 (01/18),"10,630",1일전 (01/17),"10,630",1주일전 (01/11),"7,980",2주일전 (01/04),"10,630",1개월전,"9,822",1년전,"12,632",일평년,"10,335",2024-01-18,
깐마늘(국산),258,깐마늘(국산)(1kg),1,상품,4,1kg,당일 (01/19),"8,965",1일전 (01/18),"10,630",1주일전 (01/12),"10,630",2주일전 (01/05),"7,980",1개월전,"9,822",1년전,"12,632",일평년,"10,335",2024-01-19,
깐마늘(국산),258,깐마늘(국산)(1kg),1,상품,4,1kg,당일 (01/20),-,1일전 (01/19),"8,965",1주일전 (01/13),-,2주일전 (01/06),-,1개월전,"9,822",1년전,"12,632",일평년,"10,335",2024-01-20,
깐마늘(국산),258,깐마늘(국산)(1kg),1,상품,4,1kg,당일 (01/22),"8,965",1일전 (01/21),-,1주일전 (01/15),"10,630",2주일전 (01/08),"7,980",1개월전,"9,908",1년전,"12,692",일평년,"10,341",2024-01-22,
깐마늘(국산),258,깐마늘(국산)(1kg),1,상품,4,1kg,당일 (01/23),"8,965",1일전 (01/22),"8,965",1주일전 (01/16),"10,630",2주일전 (01/09),"7,980",1개월전,"9,908",1년전,"12,692",일평년,"10,341",2024-01-23,
깐마늘(국산),258,깐마늘(국산)(1kg),1,상품,4,1kg,당일 (01/24),"8,965",1일전 (01/23),"8,965",1주일전 (01/17),"10,630",2주일전 (01/10),"7,980",1개월전,"9,908",1년전,"12,692",일평년,"10,341",2024-01-24,
깐마늘(국산),258,깐마늘(국산)(1kg),1,상품,4,1kg,당일 (01/25),"8,965",1일전 (01/24),"8,965",1주일전 (01/18),"10,630",2주일전 (01/11),"7,980",1개월전,"9,908",1년전,"12,692",일평년,"10,341",2024-01-25,
깐마늘(국산),258,깐마늘(국산)(1kg),1,상품,4,1kg,당일 (01/26),"10,630",1일전 (01/25),"8,965",1주일전 (01/19),"8,965",2주일전 (01/12),"10,630",1개월전,"9,908",1년전,"12,692",일평년,"10,341",2024-01-26,
깐마늘(국산),258,깐마늘(국산)(1kg),1,상품,4,1kg,당일 (01/27),-,1일전 (01/26),"10,630",1주일전 (01/20),-,2주일전 (01/13),-,1개월전,"9,908",1년전,"12,692",일평년,"10,341",2024-01-27,
깐마늘(국산),258,깐마늘(국산)(1kg),1,상품,4,1kg,당일 (01/29),"10,630",1일전 (01/28),-,1주일전 (01/22),"8,965",2주일전 (01/15),"10,630",1개월전,"9,908",1년전,"12,692",일평년,"10,341",2024-01-29,
깐마늘(국산),258,깐마늘(국산)(1kg),1,상품,4,1kg,당일 (01/30),"10,630",1일전 (01/29),"10,630",1주일전 (01/23),"8,965",2주일전 (01/16),"10,630",1개월전,"9,908",1년전,"12,692",일평년,"10,341",2024-01-30,
깐마늘(국산),258,깐마늘(국산)(1kg),1,상품,4,1kg,당일 (01/31),"10,630",1일전 (01/30),"10,630",1주일전 (01/24),"8,965",2주일전 (01/17),"10,630",1개월전,"9,908",1년전,"12,692",일평년,"10,341",2024-01-31,
깐마늘(국산),258,깐마늘(국산)(1kg),1,상품,4,1kg,당일 (02/01),"10,630",1일전 (01/31),"10,630",1주일전 (01/25),"8,965",2주일전 (01/18),"10,630",1개월전,"9,599",1년전,"12,978",일평년,"10,563",2024-02-01,
깐마늘(국산),258,깐마늘(국산)(1kg),1,상품,4,1kg,당일 (02/02),"8,980",1일전 (02/01),"10,630",1주일전 (01/26),"10,630",2주일전 (01/19),"8,965",1개월전,"9,599",1년전,"12,978",일평년,"10,563",2024-02-02,
깐마늘(국산),258,깐마늘(국산)(1kg),1,상품,4,1kg,당일 (02/03),-,1일전 (02/02),"8,980",1주일전 (01/27),-,2주일전 (01/20),-,1개월전,"9,599",1년전,"12,978",일평년,"10,563",2024-02-03,
깐마늘(국산),258,깐마늘(국산)(1kg),1,상품,4,1kg,당일 (02/05),"8,980",1일전 (02/04),-,1주일전 (01/29),"10,630",2주일전 (01/22),"8,965",1개월전,"9,599",1년전,"12,978",일평년,"10,563",2024-02-05,
깐마늘(국산),258,깐마늘(국산)(1kg),1,상품,4,1kg,당일 (02/06),"8,980",1일전 (02/05),"8,980",1주일전 (01/30),"10,630",2주일전 (01/23),"8,965",1개월전,"9,599",1년전,"12,978",일평년,"10,563",2024-02-06,
깐마늘(국산),258,깐마늘(국산)(1kg),1,상품,4,1kg,당일 (02/07),"8,980",1일전 (02/06),"8,980",1주일전 (01/31),"10,630",2주일전 (01/24),"8,965",1개월전,"9,599",1년전,"12,978",일평년,"10,563",2024-02-07,
깐마늘(국산),258,깐마늘(국산)(1kg),1,상품,4,1kg,당일 (02/08),"8,980",1일전 (02/07),"8,980",1주일전 (02/01),"10,630",2주일전 (01/25),"8,965",1개월전,"9,599",1년전,"12,978",일평년,"10,563",2024-02-08,
깐마늘(국산),258,깐마늘(국산)(1kg),1,상품,4,1kg,당일 (02/09),-,1일전 (02/08),"8,980",1주일전 (02/02),"8,980",2주일전 (01/26),"10,630",1개월전,"9,599",1년전,"12,978",일평년,"10,563",2024-02-09,
깐마늘(국산),258,깐마늘(국산)(1kg),1,상품,4,1kg,당일 (02/12),-,1일전 (02/11),-,1주일전 (02/05),"8,980",2주일전 (01/29),"10,630",1개월전,"9,962",1년전,"13,181",일평년,"10,737",2024-02-12,
깐마늘(국산),258,깐마늘(국산)(1kg),1,상품,4,1kg,당일 (02/13),"8,980",1일전 (02/12),-,1주일전 (02/06),"8,980",2주일전 (01/30),"10,630",1개월전,"9,962",1년전,"13,181",일평년,"10,737",2024-02-13,
깐마늘(국산),258,깐마늘(국산)(1kg),1,상품,4,1kg,당일 (02/14),"8,980",1일전 (02/13),"8,980",1주일전 (02/07),"8,980",2주일전 (01/31),"10,630",1개월전,"9,962",1년전,"13,181",일평년,"10,737",2024-02-14,
깐마늘(국산),258,깐마늘(국산)(1kg),1,상품,4,1kg,당일 (02/15),"8,980",1일전 (02/14),"8,980",1주일전 (02/08),"8,980",2주일전 (02/01),"10,630",1개월전,"9,962",1년전,"13,181",일평년,"10,737",2024-02-15,
깐마늘(국산),258,깐마늘(국산)(1kg),1,상품,4,1kg,당일 (02/16),"8,980",1일전 (02/15),"8,980",1주일전 (02/09),-,2주일전 (02/02),"8,980",1개월전,"9,962",1년전,"13,181",일평년,"10,737",2024-02-16,
깐마늘(국산),258,깐마늘(국산)(1kg),1,상품,4,1kg,당일 (02/17),-,1일전 (02/16),"8,980",1주일전 (02/10),-,2주일전 (02/03),-,1개월전,"9,962",1년전,"13,181",일평년,"10,737",2024-02-17,
깐마늘(국산),258,깐마늘(국산)(1kg),1,상품,4,1kg,당일 (02/19),"7,480",1일전 (02/18),-,1주일전 (02/12),-,2주일전 (02/05),"8,980",1개월전,"9,962",1년전,"13,181",일평년,"10,737",2024-02-19,
깐마늘(국산),258,깐마늘(국산)(1kg),1,상품,4,1kg,당일 (02/20),"8,980",1일전 (02/19),"7,480",1주일전 (02/13),"8,980",2주일전 (02/06),"8,980",1개월전,"9,962",1년전,"13,181",일평년,"10,737",2024-02-20,
깐마늘(국산),258,깐마늘(국산)(1kg),1,상품,4,1kg,당일 (02/21),"8,980",1일전 (02/20),"8,980",1주일전 (02/14),"8,980",2주일전 (02/07),"8,980",1개월전,"10,020",1년전,"13,189",일평년,"10,603",2024-02-21,
깐마늘(국산),258,깐마늘(국산)(1kg),1,상품,4,1kg,당일 (02/22),"10,630",1일전 (02/21),"8,980",1주일전 (02/15),"8,980",2주일전 (02/08),"8,980",1개월전,"10,020",1년전,"13,189",일평년,"10,603",2024-02-22,
깐마늘(국산),258,깐마늘(국산)(1kg),1,상품,4,1kg,당일 (02/23),"10,630",1일전 (02/22),"10,630",1주일전 (02/16),"8,980",2주일전 (02/09),-,1개월전,"10,020",1년전,"13,189",일평년,"10,603",2024-02-23,
깐마늘(국산),258,깐마늘(국산)(1kg),1,상품,4,1kg,당일 (02/24),-,1일전 (02/23),"10,630",1주일전 (02/17),-,2주일전 (02/10),-,1개월전,"10,020",1년전,"13,189",일평년,"10,603",2024-02-24,
깐마늘(국산),258,깐마늘(국산)(1kg),1,상품,4,1kg,당일 (02/26),"10,630",1일전 (02/25),-,1주일전 (02/19),"7,480",2주일전 (02/12),-,1개월전,"10,020",1년전,"13,189",일평년,"10,603",2024-02-26,
깐마늘(국산),258,깐마늘(국산)(1kg),1,상품,4,1kg,당일 (02/27),"10,630",1일전 (02/26),"10,630",1주일전 (02/20),"8,980",2주일전 (02/13),"8,980",1개월전,"10,020",1년전,"13,189",일평년,"10,603",2024-02-27,
깐마늘(국산),258,깐마늘(국산)(1kg),1,상품,4,1kg,당일 (02/28),"10,630",1일전 (02/27),"10,630",1주일전 (02/21),"8,980",2주일전 (02/14),"8,980",1개월전,"10,020",1년전,"13,189",일평년,"10,603",2024-02-28,
깐마늘(국산),258,깐마늘(국산)(1kg),1,상품,4,1kg,당일 (02/29),"10,630",1일전 (02/28),"10,630",1주일전 (02/22),"10,630",2주일전 (02/15),"8,980",1개월전,"10,020",1년전,"13,189",일평년,"10,603",2024-02-29,
깐마늘(국산),258,깐마늘(국산)(1kg),1,상품,4,1kg,당일 (03/01),-,1일전 (02/29),"10,630",1주일전 (02/23),"10,630",2주일전 (02/16),"8,980",1개월전,"9,484",1년전,"12,353",일평년,"10,518",2024-03-01,
깐마늘(국산),258,깐마늘(국산)(1kg),1,상품,4,1kg,당일 (03/04),"8,980",1일전 (03/03),-,1주일전 (02/26),"10,630",2주일전 (02/19),"7,480",1개월전,"9,484",1년전,"12,353",일평년,"10,518",2024-03-04,
깐마늘(국산),258,깐마늘(국산)(1kg),1,상품,4,1kg,당일 (03/05),"8,980",1일전 (03/04),"8,980",1주일전 (02/27),"10,630",2주일전 (02/20),"8,980",1개월전,"9,484",1년전,"12,353",일평년,"10,518",2024-03-05,
깐마늘(국산),258,깐마늘(국산)(1kg),1,상품,4,1kg,당일 (03/06),"8,980",1일전 (03/05),"8,980",1주일전 (02/28),"10,630",2주일전 (02/21),"8,980",1개월전,"9,484",1년전,"12,353",일평년,"10,518",2024-03-06,
깐마늘(국산),258,깐마늘(국산)(1kg),1,상품,4,1kg,당일 (03/07),"8,980",1일전 (03/06),"8,980",1주일전 (02/29),"10,630",2주일전 (02/22),"10,630",1개월전,"9,484",1년전,"12,353",일평년,"10,518",2024-03-07,
깐마늘(국산),258,깐마늘(국산)(1kg),1,상품,4,1kg,당일 (03/08),"8,980",1일전 (03/07),"8,980",1주일전 (03/01),-,2주일전 (02/23),"10,630",1개월전,"9,484",1년전,"12,353",일평년,"10,518",2024-03-08,
깐마늘(국산),258,깐마늘(국산)(1kg),1,상품,4,1kg,당일 (03/09),-,1일전 (03/08),"8,980",1주일전 (03/02),-,2주일전 (02/24),-,1개월전,"9,484",1년전,"12,353",일평년,"10,518",2024-03-09,
깐마늘(국산),258,깐마늘(국산)(1kg),1,상품,4,1kg,당일 (03/11),"8,980",1일전 (03/10),-,1주일전 (03/04),"8,980",2주일전 (02/26),"10,630",1개월전,"9,784",1년전,"12,405",일평년,"10,576",2024-03-11,
깐마늘(국산),258,깐마늘(국산)(1kg),1,상품,4,1kg,당일 (03/12),"8,980",1일전 (03/11),"8,980",1주일전 (03/05),"8,980",2주일전 (02/27),"10,630",1개월전,"9,784",1년전,"12,405",일평년,"10,576",2024-03-12,
깐마늘(국산),258,깐마늘(국산)(1kg),1,상품,4,1kg,당일 (03/13),"10,630",1일전 (03/12),"8,980",1주일전 (03/06),"8,980",2주일전 (02/28),"10,630",1개월전,"9,784",1년전,"12,405",일평년,"10,576",2024-03-13,
깐마늘(국산),258,깐마늘(국산)(1kg),1,상품,4,1kg,당일 (03/14),"10,630",1일전 (03/13),"10,630",1주일전 (03/07),"8,980",2주일전 (02/29),"10,630",1개월전,"9,784",1년전,"12,405",일평년,"10,576",2024-03-14,
깐마늘(국산),258,깐마늘(국산)(1kg),1,상품,4,1kg,당일 (03/15),"8,980",1일전 (03/14),"10,630",1주일전 (03/08),"8,980",2주일전 (03/01),-,1개월전,"9,784",1년전,"12,405",일평년,"10,576",2024-03-15,
깐마늘(국산),258,깐마늘(국산)(1kg),1,상품,4,1kg,당일 (03/16),-,1일전 (03/15),"8,980",1주일전 (03/09),-,2주일전 (03/02),-,1개월전,"9,784",1년전,"12,405",일평년,"10,576",2024-03-16,
깐마늘(국산),258,깐마늘(국산)(1kg),1,상품,4,1kg,당일 (03/18),"8,980",1일전 (03/17),-,1주일전 (03/11),"8,980",2주일전 (03/04),"8,980",1개월전,"9,784",1년전,"12,405",일평년,"10,576",2024-03-18,
깐마늘(국산),258,깐마늘(국산)(1kg),1,상품,4,1kg,당일 (03/19),"8,980",1일전 (03/18),"8,980",1주일전 (03/12),"8,980",2주일전 (03/05),"8,980",1개월전,"9,784",1년전,"12,405",일평년,"10,576",2024-03-19,
깐마늘(국산),258,깐마늘(국산)(1kg),1,상품,4,1kg,당일 (03/20),"8,980",1일전 (03/19),"8,980",1주일전 (03/13),"10,630",2주일전 (03/06),"8,980",1개월전,"9,784",1년전,"12,405",일평년,"10,576",2024-03-20,
깐마늘(국산),258,깐마늘(국산)(1kg),1,상품,4,1kg,당일 (03/21),"8,980",1일전 (03/20),"8,980",1주일전 (03/14),"10,630",2주일전 (03/07),"8,980",1개월전,"10,258",1년전,"12,486",일평년,"10,888",2024-03-21,
깐마늘(국산),258,깐마늘(국산)(1kg),1,상품,4,1kg,당일 (03/22),"8,980",1일전 (03/21),"8,980",1주일전 (03/15),"8,980",2주일전 (03/08),"8,980",1개월전,"10,258",1년전,"12,486",일평년,"10,888",2024-03-22,
깐마늘(국산),258,깐마늘(국산)(1kg),1,상품,4,1kg,당일 (03/23),-,1일전 (03/22),"8,980",1주일전 (03/16),-,2주일전 (03/09),-,1개월전,"10,258",1년전,"12,486",일평년,"10,888",2024-03-23,
깐마늘(국산),258,깐마늘(국산)(1kg),1,상품,4,1kg,당일 (03/25),"8,980",1일전 (03/24),-,1주일전 (03/18),"8,980",2주일전 (03/11),"8,980",1개월전,"10,258",1년전,"12,486",일평년,"10,888",2024-03-25,
깐마늘(국산),258,깐마늘(국산)(1kg),1,상품,4,1kg,당일 (03/26),"10,630",1일전 (03/25),"8,980",1주일전 (03/19),"8,980",2주일전 (03/12),"8,980",1개월전,"10,258",1년전,"12,486",일평년,"10,888",2024-03-26,
깐마늘(국산),258,깐마늘(국산)(1kg),1,상품,4,1kg,당일 (03/27),"10,630",1일전 (03/26),"10,630",1주일전 (03/20),"8,980",2주일전 (03/13),"10,630",1개월전,"10,258",1년전,"12,486",일평년,"10,888",2024-03-27,
깐마늘(국산),258,깐마늘(국산)(1kg),1,상품,4,1kg,당일 (03/28),"10,630",1일전 (03/27),"10,630",1주일전 (03/21),"8,980",2주일전 (03/14),"10,630",1개월전,"10,258",1년전,"12,486",일평년,"10,888",2024-03-28,
깐마늘(국산),258,깐마늘(국산)(1kg),1,상품,4,1kg,당일 (03/29),"7,980",1일전 (03/28),"10,630",1주일전 (03/22),"8,980",2주일전 (03/15),"8,980",1개월전,"10,258",1년전,"12,486",일평년,"10,888",2024-03-29,
깐마늘(국산),258,깐마늘(국산)(1kg),1,상품,4,1kg,당일 (03/30),-,1일전 (03/29),"7,980",1주일전 (03/23),-,2주일전 (03/16),-,1개월전,"10,258",1년전,"12,486",일평년,"10,888",2024-03-30,
깐마늘(국산),258,깐마늘(국산)(1kg),1,상품,4,1kg,당일 (04/01),"7,980",1일전 (03/31),-,1주일전 (03/25),"8,980",2주일전 (03/18),"8,980",1개월전,"9,684",1년전,"12,371",일평년,"11,034",2024-04-01,
깐마늘(국산),258,깐마늘(국산)(1kg),1,상품,4,1kg,당일 (04/02),"10,300",1일전 (04/01),"7,980",1주일전 (03/26),"10,630",2주일전 (03/19),"8,980",1개월전,"9,684",1년전,"12,371",일평년,"11,034",2024-04-02,
깐마늘(국산),258,깐마늘(국산)(1kg),1,상품,4,1kg,당일 (04/03),"10,300",1일전 (04/02),"10,300",1주일전 (03/27),"10,630",2주일전 (03/20),"8,980",1개월전,"9,684",1년전,"12,371",일평년,"11,034",2024-04-03,
깐마늘(국산),258,깐마늘(국산)(1kg),1,상품,4,1kg,당일 (04/04),"10,300",1일전 (04/03),"10,300",1주일전 (03/28),"10,630",2주일전 (03/21),"8,980",1개월전,"9,684",1년전,"12,371",일평년,"11,034",2024-04-04,
깐마늘(국산),258,깐마늘(국산)(1kg),1,상품,4,1kg,당일 (04/05),"8,480",1일전 (04/04),"10,300",1주일전 (03/29),"7,980",2주일전 (03/22),"8,980",1개월전,"9,684",1년전,"12,371",일평년,"11,034",2024-04-05,
깐마늘(국산),258,깐마늘(국산)(1kg),1,상품,4,1kg,당일 (04/06),-,1일전 (04/05),"8,480",1주일전 (03/30),-,2주일전 (03/23),-,1개월전,"9,684",1년전,"12,371",일평년,"11,034",2024-04-06,
깐마늘(국산),258,깐마늘(국산)(1kg),1,상품,4,1kg,당일 (04/08),"8,480",1일전 (04/07),-,1주일전 (04/01),"7,980",2주일전 (03/25),"8,980",1개월전,"9,684",1년전,"12,371",일평년,"11,034",2024-04-08,
깐마늘(국산),258,깐마늘(국산)(1kg),1,상품,4,1kg,당일 (04/09),"8,480",1일전 (04/08),"8,480",1주일전 (04/02),"10,300",2주일전 (03/26),"10,630",1개월전,"9,684",1년전,"12,371",일평년,"11,034",2024-04-09,
깐마늘(국산),258,깐마늘(국산)(1kg),1,상품,4,1kg,당일 (04/10),-,1일전 (04/09),"8,480",1주일전 (04/03),"10,300",2주일전 (03/27),"10,630",1개월전,"9,684",1년전,"12,371",일평년,"11,034",2024-04-10,
깐마늘(국산),258,깐마늘(국산)(1kg),1,상품,4,1kg,당일 (04/11),"8,480",1일전 (04/10),-,1주일전 (04/04),"10,300",2주일전 (03/28),"10,630",1개월전,"9,963",1년전,"12,247",일평년,"11,121",2024-04-11,
깐마늘(국산),258,깐마늘(국산)(1kg),1,상품,4,1kg,당일 (04/12),"8,980",1일전 (04/11),"8,480",1주일전 (04/05),"8,480",2주일전 (03/29),"7,980",1개월전,"9,963",1년전,"12,247",일평년,"11,121",2024-04-12,
깐마늘(국산),258,깐마늘(국산)(1kg),1,상품,4,1kg,당일 (04/13),-,1일전 (04/12),"8,980",1주일전 (04/06),-,2주일전 (03/30),-,1개월전,"9,963",1년전,"12,247",일평년,"11,121",2024-04-13,
깐마늘(국산),258,깐마늘(국산)(1kg),1,상품,4,1kg,당일 (04/15),"8,980",1일전 (04/14),-,1주일전 (04/08),"8,480",2주일전 (04/01),"7,980",1개월전,"9,963",1년전,"12,247",일평년,"11,121",2024-04-15,
깐마늘(국산),258,깐마늘(국산)(1kg),1,상품,4,1kg,당일 (04/16),"8,980",1일전 (04/15),"8,980",1주일전 (04/09),"8,480",2주일전 (04/02),"10,300",1개월전,"9,963",1년전,"12,247",일평년,"11,121",2024-04-16,
깐마늘(국산),258,깐마늘(국산)(1kg),1,상품,4,1kg,당일 (04/17),"10,630",1일전 (04/16),"8,980",1주일전 (04/10),-,2주일전 (04/03),"10,300",1개월전,"9,963",1년전,"12,247",일평년,"11,121",2024-04-17,
깐마늘(국산),258,깐마늘(국산)(1kg),1,상품,4,1kg,당일 (04/18),"10,630",1일전 (04/17),"10,630",1주일전 (04/11),"8,480",2주일전 (04/04),"10,300",1개월전,"9,963",1년전,"12,247",일평년,"11,121",2024-04-18,
깐마늘(국산),258,깐마늘(국산)(1kg),1,상품,4,1kg,당일 (04/19),"8,980",1일전 (04/18),"10,630",1주일전 (04/12),"8,980",2주일전 (04/05),"8,480",1개월전,"9,963",1년전,"12,247",일평년,"11,121",2024-04-19,
깐마늘(국산),258,깐마늘(국산)(1kg),1,상품,4,1kg,당일 (04/20),-,1일전 (04/19),"8,980",1주일전 (04/13),-,2주일전 (04/06),-,1개월전,"9,963",1년전,"12,247",일평년,"11,121",2024-04-20,
깐마늘(국산),258,깐마늘(국산)(1kg),1,상품,4,1kg,당일 (04/22),"8,980",1일전 (04/21),-,1주일전 (04/15),"8,980",2주일전 (04/08),"8,480",1개월전,"9,654",1년전,"12,144",일평년,"11,144",2024-04-22,
깐마늘(국산),258,깐마늘(국산)(1kg),1,상품,4,1kg,당일 (04/23),"8,980",1일전 (04/22),"8,980",1주일전 (04/16),"8,980",2주일전 (04/09),"8,480",1개월전,"9,654",1년전,"12,144",일평년,"11,144",2024-04-23,
깐마늘(국산),258,깐마늘(국산)(1kg),1,상품,4,1kg,당일 (04/24),"10,630",1일전 (04/23),"8,980",1주일전 (04/17),"10,630",2주일전 (04/10),-,1개월전,"9,654",1년전,"12,144",일평년,"11,144",2024-04-24,
깐마늘(국산),258,깐마늘(국산)(1kg),1,상품,4,1kg,당일 (04/25),"10,630",1일전 (04/24),"10,630",1주일전 (04/18),"10,630",2주일전 (04/11),"8,480",1개월전,"9,654",1년전,"12,144",일평년,"11,144",2024-04-25,
깐마늘(국산),258,깐마늘(국산)(1kg),1,상품,4,1kg,당일 (04/26),"10,630",1일전 (04/25),"10,630",1주일전 (04/19),"8,980",2주일전 (04/12),"8,980",1개월전,"9,654",1년전,"12,144",일평년,"11,144",2024-04-26,
깐마늘(국산),258,깐마늘(국산)(1kg),1,상품,4,1kg,당일 (04/27),-,1일전 (04/26),"10,630",1주일전 (04/20),-,2주일전 (04/13),-,1개월전,"9,654",1년전,"12,144",일평년,"11,144",2024-04-27,
깐마늘(국산),258,깐마늘(국산)(1kg),1,상품,4,1kg,당일 (04/29),"10,630",1일전 (04/28),-,1주일전 (04/22),"8,980",2주일전 (04/15),"8,980",1개월전,"9,654",1년전,"12,144",일평년,"11,144",2024-04-29,
깐마늘(국산),258,깐마늘(국산)(1kg),1,상품,4,1kg,당일 (04/30),"10,630",1일전 (04/29),"10,630",1주일전 (04/23),"8,980",2주일전 (04/16),"8,980",1개월전,"9,654",1년전,"12,144",일평년,"11,144",2024-04-30,
깐마늘(국산),258,깐마늘(국산)(1kg),1,상품,4,1kg,당일 (05/01),-,1일전 (04/30),"10,630",1주일전 (04/24),"10,630",2주일전 (04/17),"10,630",1개월전,"9,069",1년전,"11,612",일평년,"10,737",2024-05-01,
깐마늘(국산),258,깐마늘(국산)(1kg),1,상품,4,1kg,당일 (05/02),"10,630",1일전 (05/01),-,1주일전 (04/25),"10,630",2주일전 (04/18),"10,630",1개월전,"9,069",1년전,"11,612",일평년,"10,737",2024-05-02,
깐마늘(국산),258,깐마늘(국산)(1kg),1,상품,4,1kg,당일 (05/03),"9,800",1일전 (05/02),"10,630",1주일전 (04/26),"10,630",2주일전 (04/19),"8,980",1개월전,"9,069",1년전,"11,612",일평년,"10,737",2024-05-03,
깐마늘(국산),258,깐마늘(국산)(1kg),1,상품,4,1kg,당일 (05/04),-,1일전 (05/03),"9,800",1주일전 (04/27),-,2주일전 (04/20),-,1개월전,"9,069",1년전,"11,612",일평년,"10,737",2024-05-04,
깐마늘(국산),258,깐마늘(국산)(1kg),1,상품,4,1kg,당일 (05/06),-,1일전 (05/05),-,1주일전 (04/29),"10,630",2주일전 (04/22),"8,980",1개월전,"9,069",1년전,"11,612",일평년,"10,737",2024-05-06,
깐마늘(국산),258,깐마늘(국산)(1kg),1,상품,4,1kg,당일 (05/07),"9,800",1일전 (05/06),-,1주일전 (04/30),"10,630",2주일전 (04/23),"8,980",1개월전,"9,069",1년전,"11,612",일평년,"10,737",2024-05-07,
깐마늘(국산),258,깐마늘(국산)(1kg),1,상품,4,1kg,당일 (05/08),"9,800",1일전 (05/07),"9,800",1주일전 (05/01),-,2주일전 (04/24),"10,630",1개월전,"9,069",1년전,"11,612",일평년,"10,737",2024-05-08,
깐마늘(국산),258,깐마늘(국산)(1kg),1,상품,4,1kg,당일 (05/09),"9,800",1일전 (05/08),"9,800",1주일전 (05/02),"10,630",2주일전 (04/25),"10,630",1개월전,"9,069",1년전,"11,612",일평년,"10,737",2024-05-09,
깐마늘(국산),258,깐마늘(국산)(1kg),1,상품,4,1kg,당일 (05/10),"9,800",1일전 (05/09),"9,800",1주일전 (05/03),"9,800",2주일전 (04/26),"10,630",1개월전,"9,069",1년전,"11,612",일평년,"10,737",2024-05-10,
깐마늘(국산),258,깐마늘(국산)(1kg),1,상품,4,1kg,당일 (05/11),-,1일전 (05/10),"9,800",1주일전 (05/04),-,2주일전 (04/27),-,1개월전,"9,021",1년전,"11,308",일평년,"10,729",2024-05-11,
깐마늘(국산),258,깐마늘(국산)(1kg),1,상품,4,1kg,당일 (05/13),"9,800",1일전 (05/12),-,1주일전 (05/06),-,2주일전 (04/29),"10,630",1개월전,"9,021",1년전,"11,308",일평년,"10,729",2024-05-13,
깐마늘(국산),258,깐마늘(국산)(1kg),1,상품,4,1kg,당일 (05/14),"9,800",1일전 (05/13),"9,800",1주일전 (05/07),"9,800",2주일전 (04/30),"10,630",1개월전,"9,021",1년전,"11,308",일평년,"10,729",2024-05-14,
깐마늘(국산),258,깐마늘(국산)(1kg),1,상품,4,1kg,당일 (05/15),-,1일전 (05/14),"9,800",1주일전 (05/08),"9,800",2주일전 (05/01),-,1개월전,"9,021",1년전,"11,308",일평년,"10,729",2024-05-15,
깐마늘(국산),258,깐마늘(국산)(1kg),1,상품,4,1kg,당일 (05/16),"9,800",1일전 (05/15),-,1주일전 (05/09),"9,800",2주일전 (05/02),"10,630",1개월전,"9,021",1년전,"11,308",일평년,"10,729",2024-05-16,
깐마늘(국산),258,깐마늘(국산)(1kg),1,상품,4,1kg,당일 (05/17),"9,800",1일전 (05/16),"9,800",1주일전 (05/10),"9,800",2주일전 (05/03),"9,800",1개월전,"9,021",1년전,"11,308",일평년,"10,729",2024-05-17,
깐마늘(국산),258,깐마늘(국산)(1kg),1,상품,4,1kg,당일 (05/18),-,1일전 (05/17),"9,800",1주일전 (05/11),-,2주일전 (05/04),-,1개월전,"9,021",1년전,"11,308",일평년,"10,729",2024-05-18,
깐마늘(국산),258,깐마늘(국산)(1kg),1,상품,4,1kg,당일 (05/20),"9,800",1일전 (05/19),-,1주일전 (05/13),"9,800",2주일전 (05/06),-,1개월전,"9,021",1년전,"11,308",일평년,"10,729",2024-05-20,
깐마늘(국산),258,깐마늘(국산)(1kg),1,상품,4,1kg,당일 (05/21),"9,800",1일전 (05/20),"9,800",1주일전 (05/14),"9,800",2주일전 (05/07),"9,800",1개월전,"9,497",1년전,"10,942",일평년,"10,659",2024-05-21,
깐마늘(국산),258,깐마늘(국산)(1kg),1,상품,4,1kg,당일 (05/22),"9,800",1일전 (05/21),"9,800",1주일전 (05/15),-,2주일전 (05/08),"9,800",1개월전,"9,497",1년전,"10,942",일평년,"10,659",2024-05-22,
깐마늘(국산),258,깐마늘(국산)(1kg),1,상품,4,1kg,당일 (05/23),"9,800",1일전 (05/22),"9,800",1주일전 (05/16),"9,800",2주일전 (05/09),"9,800",1개월전,"9,497",1년전,"10,942",일평년,"10,659",2024-05-23,
깐마늘(국산),258,깐마늘(국산)(1kg),1,상품,4,1kg,당일 (05/24),"8,980",1일전 (05/23),"9,800",1주일전 (05/17),"9,800",2주일전 (05/10),"9,800",1개월전,"9,497",1년전,"10,942",일평년,"10,659",2024-05-24,
깐마늘(국산),258,깐마늘(국산)(1kg),1,상품,4,1kg,당일 (05/25),-,1일전 (05/24),"8,980",1주일전 (05/18),-,2주일전 (05/11),-,1개월전,"9,497",1년전,"10,942",일평년,"10,659",2024-05-25,
깐마늘(국산),258,깐마늘(국산)(1kg),1,상품,4,1kg,당일 (05/27),"8,980",1일전 (05/26),-,1주일전 (05/20),"9,800",2주일전 (05/13),"9,800",1개월전,"9,497",1년전,"10,942",일평년,"10,659",2024-05-27,
깐마늘(국산),258,깐마늘(국산)(1kg),1,상품,4,1kg,당일 (05/28),"8,980",1일전 (05/27),"8,980",1주일전 (05/21),"9,800",2주일전 (05/14),"9,800",1개월전,"9,497",1년전,"10,942",일평년,"10,659",2024-05-28,
깐마늘(국산),258,깐마늘(국산)(1kg),1,상품,4,1kg,당일 (05/29),"8,980",1일전 (05/28),"8,980",1주일전 (05/22),"9,800",2주일전 (05/15),-,1개월전,"9,497",1년전,"10,942",일평년,"10,659",2024-05-29,
깐마늘(국산),258,깐마늘(국산)(1kg),1,상품,4,1kg,당일 (05/30),"8,980",1일전 (05/29),"8,980",1주일전 (05/23),"9,800",2주일전 (05/16),"9,800",1개월전,"9,497",1년전,"10,942",일평년,"10,659",2024-05-30,
깐마늘(국산),258,깐마늘(국산)(1kg),1,상품,4,1kg,당일 (05/31),"9,800",1일전 (05/30),"8,980",1주일전 (05/24),"8,980",2주일전 (05/17),"9,800",1개월전,"9,497",1년전,"10,942",일평년,"10,659",2024-05-31,
깐마늘(국산),258,깐마늘(국산)(1kg),1,상품,4,1kg,당일 (06/01),-,1일전 (05/31),"9,800",1주일전 (05/25),-,2주일전 (05/18),-,1개월전,"9,301",1년전,"10,380",일평년,"10,399",2024-06-01,
깐마늘(국산),258,깐마늘(국산)(1kg),1,상품,4,1kg,당일 (06/03),"9,800",1일전 (06/02),-,1주일전 (05/27),"8,980",2주일전 (05/20),"9,800",1개월전,"9,301",1년전,"10,380",일평년,"10,399",2024-06-03,
깐마늘(국산),258,깐마늘(국산)(1kg),1,상품,4,1kg,당일 (06/04),"9,800",1일전 (06/03),"9,800",1주일전 (05/28),"8,980",2주일전 (05/21),"9,800",1개월전,"9,301",1년전,"10,380",일평년,"10,399",2024-06-04,
깐마늘(국산),258,깐마늘(국산)(1kg),1,상품,4,1kg,당일 (06/05),"9,800",1일전 (06/04),"9,800",1주일전 (05/29),"8,980",2주일전 (05/22),"9,800",1개월전,"9,301",1년전,"10,380",일평년,"10,399",2024-06-05,
깐마늘(국산),258,깐마늘(국산)(1kg),1,상품,4,1kg,당일 (06/06),-,1일전 (06/05),"9,800",1주일전 (05/30),"8,980",2주일전 (05/23),"9,800",1개월전,"9,301",1년전,"10,380",일평년,"10,399",2024-06-06,
깐마늘(국산),258,깐마늘(국산)(1kg),1,상품,4,1kg,당일 (06/07),"9,800",1일전 (06/06),-,1주일전 (05/31),"9,800",2주일전 (05/24),"8,980",1개월전,"9,301",1년전,"10,380",일평년,"10,399",2024-06-07,
깐마늘(국산),258,깐마늘(국산)(1kg),1,상품,4,1kg,당일 (06/08),-,1일전 (06/07),"9,800",1주일전 (06/01),-,2주일전 (05/25),-,1개월전,"9,301",1년전,"10,380",일평년,"10,399",2024-06-08,
깐마늘(국산),258,깐마늘(국산)(1kg),1,상품,4,1kg,당일 (06/10),"9,800",1일전 (06/09),-,1주일전 (06/03),"9,800",2주일전 (05/27),"8,980",1개월전,"9,301",1년전,"10,380",일평년,"10,399",2024-06-10,
깐마늘(국산),258,깐마늘(국산)(1kg),1,상품,4,1kg,당일 (06/11),"9,800",1일전 (06/10),"9,800",1주일전 (06/04),"9,800",2주일전 (05/28),"8,980",1개월전,"9,310",1년전,"10,321",일평년,"10,357",2024-06-11,
깐마늘(국산),258,깐마늘(국산)(1kg),1,상품,4,1kg,당일 (06/12),"9,800",1일전 (06/11),"9,800",1주일전 (06/05),"9,800",2주일전 (05/29),"8,980",1개월전,"9,310",1년전,"10,321",일평년,"10,357",2024-06-12,
깐마늘(국산),258,깐마늘(국산)(1kg),1,상품,4,1kg,당일 (06/13),"9,800",1일전 (06/12),"9,800",1주일전 (06/06),-,2주일전 (05/30),"8,980",1개월전,"9,310",1년전,"10,321",일평년,"10,357",2024-06-13,
깐마늘(국산),258,깐마늘(국산)(1kg),1,상품,4,1kg,당일 (06/14),"9,800",1일전 (06/13),"9,800",1주일전 (06/07),"9,800",2주일전 (05/31),"9,800",1개월전,"9,310",1년전,"10,321",일평년,"10,357",2024-06-14,
깐마늘(국산),258,깐마늘(국산)(1kg),1,상품,4,1kg,당일 (06/15),-,1일전 (06/14),"9,800",1주일전 (06/08),-,2주일전 (06/01),-,1개월전,"9,310",1년전,"10,321",일평년,"10,357",2024-06-15,
깐마늘(국산),258,깐마늘(국산)(1kg),1,상품,4,1kg,당일 (06/17),"9,800",1일전 (06/16),-,1주일전 (06/10),"9,800",2주일전 (06/03),"9,800",1개월전,"9,310",1년전,"10,321",일평년,"10,357",2024-06-17,
깐마늘(국산),258,깐마늘(국산)(1kg),1,상품,4,1kg,당일 (06/18),"9,800",1일전 (06/17),"9,800",1주일전 (06/11),"9,800",2주일전 (06/04),"9,800",1개월전,"9,310",1년전,"10,321",일평년,"10,357",2024-06-18,
깐마늘(국산),258,깐마늘(국산)(1kg),1,상품,4,1kg,당일 (06/19),"9,800",1일전 (06/18),"9,800",1주일전 (06/12),"9,800",2주일전 (06/05),"9,800",1개월전,"9,310",1년전,"10,321",일평년,"10,357",2024-06-19,
깐마늘(국산),258,깐마늘(국산)(1kg),1,상품,4,1kg,당일 (06/20),"9,800",1일전 (06/19),"9,800",1주일전 (06/13),"9,800",2주일전 (06/06),-,1개월전,"9,310",1년전,"10,321",일평년,"10,357",2024-06-20,
깐마늘(국산),258,깐마늘(국산)(1kg),1,상품,4,1kg,당일 (06/21),"9,800",1일전 (06/20),"9,800",1주일전 (06/14),"9,800",2주일전 (06/07),"9,800",1개월전,"9,174",1년전,"10,076",일평년,"10,204",2024-06-21,
깐마늘(국산),258,깐마늘(국산)(1kg),1,상품,4,1kg,당일 (06/22),-,1일전 (06/21),"9,800",1주일전 (06/15),-,2주일전 (06/08),-,1개월전,"9,174",1년전,"10,076",일평년,"10,204",2024-06-22,
깐마늘(국산),258,깐마늘(국산)(1kg),1,상품,4,1kg,당일 (06/24),"9,800",1일전 (06/23),-,1주일전 (06/17),"9,800",2주일전 (06/10),"9,800",1개월전,"9,174",1년전,"10,076",일평년,"10,204",2024-06-24,
깐마늘(국산),258,깐마늘(국산)(1kg),1,상품,4,1kg,당일 (06/25),"9,800",1일전 (06/24),"9,800",1주일전 (06/18),"9,800",2주일전 (06/11),"9,800",1개월전,"9,174",1년전,"10,076",일평년,"10,204",2024-06-25,
깐마늘(국산),258,깐마늘(국산)(1kg),1,상품,4,1kg,당일 (06/26),"9,800",1일전 (06/25),"9,800",1주일전 (06/19),"9,800",2주일전 (06/12),"9,800",1개월전,"9,174",1년전,"10,076",일평년,"10,204",2024-06-26,
깐마늘(국산),258,깐마늘(국산)(1kg),1,상품,4,1kg,당일 (06/27),"9,800",1일전 (06/26),"9,800",1주일전 (06/20),"9,800",2주일전 (06/13),"9,800",1개월전,"9,174",1년전,"10,076",일평년,"10,204",2024-06-27,
깐마늘(국산),258,깐마늘(국산)(1kg),1,상품,4,1kg,당일 (06/28),"9,800",1일전 (06/27),"9,800",1주일전 (06/21),"9,800",2주일전 (06/14),"9,800",1개월전,"9,174",1년전,"10,076",일평년,"10,204",2024-06-28,
깐마늘(국산),258,깐마늘(국산)(1kg),1,상품,4,1kg,당일 (06/29),-,1일전 (06/28),"9,800",1주일전 (06/22),-,2주일전 (06/15),-,1개월전,"9,174",1년전,"10,076",일평년,"10,204",2024-06-29,
깐마늘(국산),258,깐마늘(국산)(1kg),1,상품,4,1kg,당일 (07/01),"9,800",1일전 (06/30),-,1주일전 (06/24),"9,800",2주일전 (06/17),"9,800",1개월전,"10,190",1년전,"9,257",일평년,"9,826",2024-07-01,
깐마늘(국산),258,깐마늘(국산)(1kg),1,상품,4,1kg,당일 (07/02),"9,800",1일전 (07/01),"9,800",1주일전 (06/25),"9,800",2주일전 (06/18),"9,800",1개월전,"10,190",1년전,"9,257",일평년,"9,826",2024-07-02,
깐마늘(국산),258,깐마늘(국산)(1kg),1,상품,4,1kg,당일 (07/03),"9,800",1일전 (07/02),"9,800",1주일전 (06/26),"9,800",2주일전 (06/19),"9,800",1개월전,"10,190",1년전,"9,257",일평년,"9,826",2024-07-03,
깐마늘(국산),258,깐마늘(국산)(1kg),1,상품,4,1kg,당일 (07/04),"9,800",1일전 (07/03),"9,800",1주일전 (06/27),"9,800",2주일전 (06/20),"9,800",1개월전,"10,190",1년전,"9,257",일평년,"9,826",2024-07-04,
깐마늘(국산),258,깐마늘(국산)(1kg),1,상품,4,1kg,당일 (07/05),"9,800",1일전 (07/04),"9,800",1주일전 (06/28),"9,800",2주일전 (06/21),"9,800",1개월전,"10,190",1년전,"9,257",일평년,"9,826",2024-07-05,
깐마늘(국산),258,깐마늘(국산)(1kg),1,상품,4,1kg,당일 (07/06),-,1일전 (07/05),"9,800",1주일전 (06/29),-,2주일전 (06/22),-,1개월전,"10,190",1년전,"9,257",일평년,"9,826",2024-07-06,
깐마늘(국산),258,깐마늘(국산)(1kg),1,상품,4,1kg,당일 (07/08),"9,800",1일전 (07/07),-,1주일전 (07/01),"9,800",2주일전 (06/24),"9,800",1개월전,"10,190",1년전,"9,257",일평년,"9,826",2024-07-08,
깐마늘(국산),258,깐마늘(국산)(1kg),1,상품,4,1kg,당일 (07/09),"9,800",1일전 (07/08),"9,800",1주일전 (07/02),"9,800",2주일전 (06/25),"9,800",1개월전,"10,190",1년전,"9,257",일평년,"9,826",2024-07-09,
깐마늘(국산),258,깐마늘(국산)(1kg),1,상품,4,1kg,당일 (07/10),"9,800",1일전 (07/09),"9,800",1주일전 (07/03),"9,800",2주일전 (06/26),"9,800",1개월전,"10,190",1년전,"9,257",일평년,"9,826",2024-07-10,
깐마늘(국산),258,깐마늘(국산)(1kg),1,상품,4,1kg,당일 (07/11),"9,800",1일전 (07/10),"9,800",1주일전 (07/04),"9,800",2주일전 (06/27),"9,800",1개월전,"10,284",1년전,"9,838",일평년,"9,785",2024-07-11,
깐마늘(국산),258,깐마늘(국산)(1kg),1,상품,4,1kg,당일 (07/12),"8,980",1일전 (07/11),"9,800",1주일전 (07/05),"9,800",2주일전 (06/28),"9,800",1개월전,"10,284",1년전,"9,838",일평년,"9,785",2024-07-12,
깐마늘(국산),258,깐마늘(국산)(1kg),1,상품,4,1kg,당일 (07/13),-,1일전 (07/12),"8,980",1주일전 (07/06),-,2주일전 (06/29),-,1개월전,"10,284",1년전,"9,838",일평년,"9,785",2024-07-13,
깐마늘(국산),258,깐마늘(국산)(1kg),1,상품,4,1kg,당일 (07/15),"8,980",1일전 (07/14),-,1주일전 (07/08),"9,800",2주일전 (07/01),"9,800",1개월전,"10,284",1년전,"9,838",일평년,"9,785",2024-07-15,
깐마늘(국산),258,깐마늘(국산)(1kg),1,상품,4,1kg,당일 (07/16),"8,980",1일전 (07/15),"8,980",1주일전 (07/09),"9,800",2주일전 (07/02),"9,800",1개월전,"10,284",1년전,"9,838",일평년,"9,785",2024-07-16,
깐마늘(국산),258,깐마늘(국산)(1kg),1,상품,4,1kg,당일 (07/17),"8,980",1일전 (07/16),"8,980",1주일전 (07/10),"9,800",2주일전 (07/03),"9,800",1개월전,"10,284",1년전,"9,838",일평년,"9,785",2024-07-17,
깐마늘(국산),258,깐마늘(국산)(1kg),1,상품,4,1kg,당일 (07/18),"8,980",1일전 (07/17),"8,980",1주일전 (07/11),"9,800",2주일전 (07/04),"9,800",1개월전,"10,284",1년전,"9,838",일평년,"9,785",2024-07-18,
깐마늘(국산),258,깐마늘(국산)(1kg),1,상품,4,1kg,당일 (07/19),"8,980",1일전 (07/18),"8,980",1주일전 (07/12),"8,980",2주일전 (07/05),"9,800",1개월전,"10,284",1년전,"9,838",일평년,"9,785",2024-07-19,
깐마늘(국산),258,깐마늘(국산)(1kg),1,상품,4,1kg,당일 (07/20),-,1일전 (07/19),"8,980",1주일전 (07/13),-,2주일전 (07/06),-,1개월전,"10,284",1년전,"9,838",일평년,"9,785",2024-07-20,
깐마늘(국산),258,깐마늘(국산)(1kg),1,상품,4,1kg,당일 (07/22),"8,980",1일전 (07/21),-,1주일전 (07/15),"8,980",2주일전 (07/08),"9,800",1개월전,"10,386",1년전,"10,099",일평년,"10,237",2024-07-22,
깐마늘(국산),258,깐마늘(국산)(1kg),1,상품,4,1kg,당일 (07/23),"8,980",1일전 (07/22),"8,980",1주일전 (07/16),"8,980",2주일전 (07/09),"9,800",1개월전,"10,386",1년전,"10,099",일평년,"10,237",2024-07-23,
깐마늘(국산),258,깐마늘(국산)(1kg),1,상품,4,1kg,당일 (07/24),"9,800",1일전 (07/23),"8,980",1주일전 (07/17),"8,980",2주일전 (07/10),"9,800",1개월전,"10,386",1년전,"10,099",일평년,"10,237",2024-07-24,
깐마늘(국산),258,깐마늘(국산)(1kg),1,상품,4,1kg,당일 (07/25),"9,800",1일전 (07/24),"9,800",1주일전 (07/18),"8,980",2주일전 (07/11),"9,800",1개월전,"10,386",1년전,"10,099",일평년,"10,237",2024-07-25,
깐마늘(국산),258,깐마늘(국산)(1kg),1,상품,4,1kg,당일 (07/26),"8,980",1일전 (07/25),"9,800",1주일전 (07/19),"8,980",2주일전 (07/12),"8,980",1개월전,"10,386",1년전,"10,099",일평년,"10,237",2024-07-26,
깐마늘(국산),258,깐마늘(국산)(1kg),1,상품,4,1kg,당일 (07/27),-,1일전 (07/26),"8,980",1주일전 (07/20),-,2주일전 (07/13),-,1개월전,"10,386",1년전,"10,099",일평년,"10,237",2024-07-27,
깐마늘(국산),258,깐마늘(국산)(1kg),1,상품,4,1kg,당일 (07/29),"8,980",1일전 (07/28),-,1주일전 (07/22),"8,980",2주일전 (07/15),"8,980",1개월전,"10,386",1년전,"10,099",일평년,"10,237",2024-07-29,
깐마늘(국산),258,깐마늘(국산)(1kg),1,상품,4,1kg,당일 (07/30),"8,980",1일전 (07/29),"8,980",1주일전 (07/23),"8,980",2주일전 (07/16),"8,980",1개월전,"10,386",1년전,"10,099",일평년,"10,237",2024-07-30,
깐마늘(국산),258,깐마늘(국산)(1kg),1,상품,4,1kg,당일 (07/31),"8,980",1일전 (07/30),"8,980",1주일전 (07/24),"9,800",2주일전 (07/17),"8,980",1개월전,"10,386",1년전,"10,099",일평년,"10,237",2024-07-31,
깐마늘(국산),258,깐마늘(국산)(1kg),1,상품,4,1kg,당일 (08/01),"8,980",1일전 (07/31),"8,980",1주일전 (07/25),"9,800",2주일전 (07/18),"8,980",1개월전,"10,424",1년전,"10,046",일평년,"10,493",2024-08-01,
깐마늘(국산),258,깐마늘(국산)(1kg),1,상품,4,1kg,당일 (08/02),"8,980",1일전 (08/01),"8,980",1주일전 (07/26),"8,980",2주일전 (07/19),"8,980",1개월전,"10,424",1년전,"10,046",일평년,"10,493",2024-08-02,
깐마늘(국산),258,깐마늘(국산)(1kg),1,상품,4,1kg,당일 (08/03),-,1일전 (08/02),"8,980",1주일전 (07/27),-,2주일전 (07/20),-,1개월전,"10,424",1년전,"10,046",일평년,"10,493",2024-08-03,
깐마늘(국산),258,깐마늘(국산)(1kg),1,상품,4,1kg,당일 (08/05),"8,980",1일전 (08/04),-,1주일전 (07/29),"8,980",2주일전 (07/22),"8,980",1개월전,"10,424",1년전,"10,046",일평년,"10,493",2024-08-05,
깐마늘(국산),258,깐마늘(국산)(1kg),1,상품,4,1kg,당일 (08/06),"8,980",1일전 (08/05),"8,980",1주일전 (07/30),"8,980",2주일전 (07/23),"8,980",1개월전,"10,424",1년전,"10,046",일평년,"10,493",2024-08-06,
깐마늘(국산),258,깐마늘(국산)(1kg),1,상품,4,1kg,당일 (08/07),"10,300",1일전 (08/06),"8,980",1주일전 (07/31),"8,980",2주일전 (07/24),"9,800",1개월전,"10,424",1년전,"10,046",일평년,"10,493",2024-08-07,
깐마늘(국산),258,깐마늘(국산)(1kg),1,상품,4,1kg,당일 (08/08),"10,300",1일전 (08/07),"10,300",1주일전 (08/01),"8,980",2주일전 (07/25),"9,800",1개월전,"10,424",1년전,"10,046",일평년,"10,493",2024-08-08,
깐마늘(국산),258,깐마늘(국산)(1kg),1,상품,4,1kg,당일 (08/09),"8,980",1일전 (08/08),"10,300",1주일전 (08/02),"8,980",2주일전 (07/26),"8,980",1개월전,"10,424",1년전,"10,046",일평년,"10,493",2024-08-09,
깐마늘(국산),258,깐마늘(국산)(1kg),1,상품,4,1kg,당일 (08/10),-,1일전 (08/09),"8,980",1주일전 (08/03),-,2주일전 (07/27),-,1개월전,"10,424",1년전,"10,046",일평년,"10,493",2024-08-10,
깐마늘(국산),258,깐마늘(국산)(1kg),1,상품,4,1kg,당일 (08/12),"8,980",1일전 (08/11),-,1주일전 (08/05),"8,980",2주일전 (07/29),"8,980",1개월전,"9,568",1년전,"9,441",일평년,"10,460",2024-08-12,
깐마늘(국산),258,깐마늘(국산)(1kg),1,상품,4,1kg,당일 (08/13),"8,980",1일전 (08/12),"8,980",1주일전 (08/06),"8,980",2주일전 (07/30),"8,980",1개월전,"9,568",1년전,"9,441",일평년,"10,460",2024-08-13,
깐마늘(국산),258,깐마늘(국산)(1kg),1,상품,4,1kg,당일 (08/14),"8,980",1일전 (08/13),"8,980",1주일전 (08/07),"10,300",2주일전 (07/31),"8,980",1개월전,"9,568",1년전,"9,441",일평년,"10,460",2024-08-14,
깐마늘(국산),258,깐마늘(국산)(1kg),1,상품,4,1kg,당일 (08/15),-,1일전 (08/14),"8,980",1주일전 (08/08),"10,300",2주일전 (08/01),"8,980",1개월전,"9,568",1년전,"9,441",일평년,"10,460",2024-08-15,
깐마늘(국산),258,깐마늘(국산)(1kg),1,상품,4,1kg,당일 (08/16),"8,980",1일전 (08/15),-,1주일전 (08/09),"8,980",2주일전 (08/02),"8,980",1개월전,"9,568",1년전,"9,441",일평년,"10,460",2024-08-16,
깐마늘(국산),258,깐마늘(국산)(1kg),1,상품,4,1kg,당일 (08/17),-,1일전 (08/16),"8,980",1주일전 (08/10),-,2주일전 (08/03),-,1개월전,"9,568",1년전,"9,441",일평년,"10,460",2024-08-17,
깐마늘(국산),258,깐마늘(국산)(1kg),1,상품,4,1kg,당일 (08/19),"8,980",1일전 (08/18),-,1주일전 (08/12),"8,980",2주일전 (08/05),"8,980",1개월전,"9,568",1년전,"9,441",일평년,"10,460",2024-08-19,
깐마늘(국산),258,깐마늘(국산)(1kg),1,상품,4,1kg,당일 (08/20),"10,300",1일전 (08/19),"8,980",1주일전 (08/13),"8,980",2주일전 (08/06),"8,980",1개월전,"9,568",1년전,"9,441",일평년,"10,460",2024-08-20,
깐마늘(국산),258,깐마늘(국산)(1kg),1,상품,4,1kg,당일 (08/21),"10,300",1일전 (08/20),"10,300",1주일전 (08/14),"8,980",2주일전 (08/07),"10,300",1개월전,"9,983",1년전,"9,810",일평년,"10,650",2024-08-21,
깐마늘(국산),258,깐마늘(국산)(1kg),1,상품,4,1kg,당일 (08/22),"10,300",1일전 (08/21),"10,300",1주일전 (08/15),-,2주일전 (08/08),"10,300",1개월전,"9,983",1년전,"9,810",일평년,"10,650",2024-08-22,
깐마늘(국산),258,깐마늘(국산)(1kg),1,상품,4,1kg,당일 (08/23),"10,300",1일전 (08/22),"10,300",1주일전 (08/16),"8,980",2주일전 (08/09),"8,980",1개월전,"9,983",1년전,"9,810",일평년,"10,650",2024-08-23,
깐마늘(국산),258,깐마늘(국산)(1kg),1,상품,4,1kg,당일 (08/24),-,1일전 (08/23),"10,300",1주일전 (08/17),-,2주일전 (08/10),-,1개월전,"9,983",1년전,"9,810",일평년,"10,650",2024-08-24,
깐마늘(국산),258,깐마늘(국산)(1kg),1,상품,4,1kg,당일 (08/26),"10,300",1일전 (08/25),-,1주일전 (08/19),"8,980",2주일전 (08/12),"8,980",1개월전,"9,983",1년전,"9,810",일평년,"10,650",2024-08-26,
깐마늘(국산),258,깐마늘(국산)(1kg),1,상품,4,1kg,당일 (08/27),"10,300",1일전 (08/26),"10,300",1주일전 (08/20),"10,300",2주일전 (08/13),"8,980",1개월전,"9,983",1년전,"9,810",일평년,"10,650",2024-08-27,
깐마늘(국산),258,깐마늘(국산)(1kg),1,상품,4,1kg,당일 (08/28),"10,300",1일전 (08/27),"10,300",1주일전 (08/21),"10,300",2주일전 (08/14),"8,980",1개월전,"9,983",1년전,"9,810",일평년,"10,650",2024-08-28,
깐마늘(국산),258,깐마늘(국산)(1kg),1,상품,4,1kg,당일 (08/29),"10,300",1일전 (08/28),"10,300",1주일전 (08/22),"10,300",2주일전 (08/15),-,1개월전,"9,983",1년전,"9,810",일평년,"10,650",2024-08-29,
깐마늘(국산),258,깐마늘(국산)(1kg),1,상품,4,1kg,당일 (08/30),"7,980",1일전 (08/29),"10,300",1주일전 (08/23),"10,300",2주일전 (08/16),"8,980",1개월전,"9,983",1년전,"9,810",일평년,"10,650",2024-08-30,
깐마늘(국산),258,깐마늘(국산)(1kg),1,상품,4,1kg,당일 (08/31),-,1일전 (08/30),"7,980",1주일전 (08/24),-,2주일전 (08/17),-,1개월전,"9,983",1년전,"9,810",일평년,"10,650",2024-08-31,
깐마늘(국산),258,깐마늘(국산)(1kg),1,상품,4,1kg,당일 (09/02),"10,300",1일전 (09/01),-,1주일전 (08/26),"10,300",2주일전 (08/19),"8,980",1개월전,"9,998",1년전,"8,375",일평년,"10,220",2024-09-02,
깐마늘(국산),258,깐마늘(국산)(1kg),1,상품,4,1kg,당일 (09/03),"10,300",1일전 (09/02),"10,300",1주일전 (08/27),"10,300",2주일전 (08/20),"10,300",1개월전,"9,998",1년전,"8,375",일평년,"10,220",2024-09-03,
깐마늘(국산),258,깐마늘(국산)(1kg),1,상품,4,1kg,당일 (09/04),"10,300",1일전 (09/03),"10,300",1주일전 (08/28),"10,300",2주일전 (08/21),"10,300",1개월전,"9,998",1년전,"8,375",일평년,"10,220",2024-09-04,
깐마늘(국산),258,깐마늘(국산)(1kg),1,상품,4,1kg,당일 (09/05),"10,300",1일전 (09/04),"10,300",1주일전 (08/29),"10,300",2주일전 (08/22),"10,300",1개월전,"9,998",1년전,"8,375",일평년,"10,220",2024-09-05,
깐마늘(국산),258,깐마늘(국산)(1kg),1,상품,4,1kg,당일 (09/06),"8,880",1일전 (09/05),"10,300",1주일전 (08/30),"7,980",2주일전 (08/23),"10,300",1개월전,"9,998",1년전,"8,375",일평년,"10,220",2024-09-06,
깐마늘(국산),258,깐마늘(국산)(1kg),1,상품,4,1kg,당일 (09/07),-,1일전 (09/06),"8,880",1주일전 (08/31),-,2주일전 (08/24),-,1개월전,"9,998",1년전,"8,375",일평년,"10,220",2024-09-07,
깐마늘(국산),258,깐마늘(국산)(1kg),1,상품,4,1kg,당일 (09/09),"8,960",1일전 (09/08),-,1주일전 (09/02),"10,300",2주일전 (08/26),"10,300",1개월전,"9,998",1년전,"8,375",일평년,"10,220",2024-09-09,
깐마늘(국산),258,깐마늘(국산)(1kg),1,상품,4,1kg,당일 (09/10),"8,960",1일전 (09/09),"8,960",1주일전 (09/03),"10,300",2주일전 (08/27),"10,300",1개월전,"9,998",1년전,"8,375",일평년,"10,220",2024-09-10,
깐마늘(국산),258,깐마늘(국산)(1kg),1,상품,4,1kg,당일 (09/11),"8,960",1일전 (09/10),"8,960",1주일전 (09/04),"10,300",2주일전 (08/28),"10,300",1개월전,"9,704",1년전,"8,536",일평년,"10,273",2024-09-11,
깐마늘(국산),258,깐마늘(국산)(1kg),1,상품,4,1kg,당일 (09/12),"8,960",1일전 (09/11),"8,960",1주일전 (09/05),"10,300",2주일전 (08/29),"10,300",1개월전,"9,704",1년전,"8,536",일평년,"10,273",2024-09-12,
깐마늘(국산),258,깐마늘(국산)(1kg),1,상품,4,1kg,당일 (09/13),"8,960",1일전 (09/12),"8,960",1주일전 (09/06),"8,880",2주일전 (08/30),"7,980",1개월전,"9,704",1년전,"8,536",일평년,"10,273",2024-09-13,
깐마늘(국산),258,깐마늘(국산)(1kg),1,상품,4,1kg,당일 (09/14),-,1일전 (09/13),"8,960",1주일전 (09/07),-,2주일전 (08/31),-,1개월전,"9,704",1년전,"8,536",일평년,"10,273",2024-09-14,
깐마늘(국산),258,깐마늘(국산)(1kg),1,상품,4,1kg,당일 (09/16),-,1일전 (09/15),-,1주일전 (09/09),"8,960",2주일전 (09/02),"10,300",1개월전,"9,704",1년전,"8,536",일평년,"10,273",2024-09-16,
깐마늘(국산),258,깐마늘(국산)(1kg),1,상품,4,1kg,당일 (09/17),-,1일전 (09/16),-,1주일전 (09/10),"8,960",2주일전 (09/03),"10,300",1개월전,"9,704",1년전,"8,536",일평년,"10,273",2024-09-17,
깐마늘(국산),258,깐마늘(국산)(1kg),1,상품,4,1kg,당일 (09/18),-,1일전 (09/17),-,1주일전 (09/11),"8,960",2주일전 (09/04),"10,300",1개월전,"9,704",1년전,"8,536",일평년,"10,273",2024-09-18,
깐마늘(국산),258,깐마늘(국산)(1kg),1,상품,4,1kg,당일 (09/19),"8,960",1일전 (09/18),-,1주일전 (09/12),"8,960",2주일전 (09/05),"10,300",1개월전,"9,704",1년전,"8,536",일평년,"10,273",2024-09-19,
깐마늘(국산),258,깐마늘(국산)(1kg),1,상품,4,1kg,당일 (09/20),"9,060",1일전 (09/19),"8,960",1주일전 (09/13),"8,960",2주일전 (09/06),"8,880",1개월전,"9,704",1년전,"8,536",일평년,"10,273",2024-09-20,
깐마늘(국산),258,깐마늘(국산)(1kg),1,상품,4,1kg,당일 (09/21),-,1일전 (09/20),"9,060",1주일전 (09/14),-,2주일전 (09/07),-,1개월전,"10,299",1년전,"8,529",일평년,"10,338",2024-09-21,
깐마늘(국산),258,깐마늘(국산)(1kg),1,상품,4,1kg,당일 (09/23),"10,380",1일전 (09/22),-,1주일전 (09/16),-,2주일전 (09/09),"8,960",1개월전,"10,299",1년전,"8,529",일평년,"10,338",2024-09-23,
깐마늘(국산),258,깐마늘(국산)(1kg),1,상품,4,1kg,당일 (09/24),"10,380",1일전 (09/23),"10,380",1주일전 (09/17),-,2주일전 (09/10),"8,960",1개월전,"10,299",1년전,"8,529",일평년,"10,338",2024-09-24,
깐마늘(국산),258,깐마늘(국산)(1kg),1,상품,4,1kg,당일 (09/25),"10,380",1일전 (09/24),"10,380",1주일전 (09/18),-,2주일전 (09/11),"8,960",1개월전,"10,299",1년전,"8,529",일평년,"10,338",2024-09-25,
깐마늘(국산),258,깐마늘(국산)(1kg),1,상품,4,1kg,당일 (09/26),"10,380",1일전 (09/25),"10,380",1주일전 (09/19),"8,960",2주일전 (09/12),"8,960",1개월전,"10,299",1년전,"8,529",일평년,"10,338",2024-09-26,
깐마늘(국산),258,깐마늘(국산)(1kg),1,상품,4,1kg,당일 (09/27),"10,380",1일전 (09/26),"10,380",1주일전 (09/20),"9,060",2주일전 (09/13),"8,960",1개월전,"10,299",1년전,"8,529",일평년,"10,338",2024-09-27,
깐마늘(국산),258,깐마늘(국산)(1kg),1,상품,4,1kg,당일 (09/28),-,1일전 (09/27),"10,380",1주일전 (09/21),-,2주일전 (09/14),-,1개월전,"10,299",1년전,"8,529",일평년,"10,338",2024-09-28,
깐마늘(국산),258,깐마늘(국산)(1kg),1,상품,4,1kg,당일 (09/30),"10,380",1일전 (09/29),-,1주일전 (09/23),"10,380",2주일전 (09/16),-,1개월전,"10,299",1년전,"8,529",일평년,"10,338",2024-09-30,
깐마늘(국산),258,깐마늘(국산)(1kg),1,상품,4,1kg,당일 (10/01),-,1일전 (09/30),"10,380",1주일전 (09/24),"10,380",2주일전 (09/17),-,1개월전,"9,580",1년전,"9,874",일평년,"10,756",2024-10-01,
깐마늘(국산),258,깐마늘(국산)(1kg),1,상품,4,1kg,당일 (10/02),"10,380",1일전 (10/01),-,1주일전 (09/25),"10,380",2주일전 (09/18),-,1개월전,"9,580",1년전,"9,874",일평년,"10,756",2024-10-02,
깐마늘(국산),258,깐마늘(국산)(1kg),1,상품,4,1kg,당일 (10/03),-,1일전 (10/02),"10,380",1주일전 (09/26),"10,380",2주일전 (09/19),"8,960",1개월전,"9,580",1년전,"9,874",일평년,"10,756",2024-10-03,
깐마늘(국산),258,깐마늘(국산)(1kg),1,상품,4,1kg,당일 (10/04),"10,380",1일전 (10/03),-,1주일전 (09/27),"10,380",2주일전 (09/20),"9,060",1개월전,"9,580",1년전,"9,874",일평년,"10,756",2024-10-04,
깐마늘(국산),258,깐마늘(국산)(1kg),1,상품,4,1kg,당일 (10/05),-,1일전 (10/04),"10,380",1주일전 (09/28),-,2주일전 (09/21),-,1개월전,"9,580",1년전,"9,874",일평년,"10,756",2024-10-05,
깐마늘(국산),258,깐마늘(국산)(1kg),1,상품,4,1kg,당일 (10/07),"10,380",1일전 (10/06),-,1주일전 (09/30),"10,380",2주일전 (09/23),"10,380",1개월전,"9,580",1년전,"9,874",일평년,"10,756",2024-10-07,
깐마늘(국산),258,깐마늘(국산)(1kg),1,상품,4,1kg,당일 (10/08),"10,380",1일전 (10/07),"10,380",1주일전 (10/01),-,2주일전 (09/24),"10,380",1개월전,"9,580",1년전,"9,874",일평년,"10,756",2024-10-08,
깐마늘(국산),258,깐마늘(국산)(1kg),1,상품,4,1kg,당일 (10/09),-,1일전 (10/08),"10,380",1주일전 (10/02),"10,380",2주일전 (09/25),"10,380",1개월전,"9,580",1년전,"9,874",일평년,"10,756",2024-10-09,
깐마늘(국산),258,깐마늘(국산)(1kg),1,상품,4,1kg,당일 (10/10),"10,380",1일전 (10/09),-,1주일전 (10/03),-,2주일전 (09/26),"10,380",1개월전,"9,580",1년전,"9,874",일평년,"10,756",2024-10-10,
깐마늘(국산),258,깐마늘(국산)(1kg),1,상품,4,1kg,당일 (10/11),"10,380",1일전 (10/10),"10,380",1주일전 (10/04),"10,380",2주일전 (09/27),"10,380",1개월전,"9,159",1년전,"9,991",일평년,"10,808",2024-10-11,
깐마늘(국산),258,깐마늘(국산)(1kg),1,상품,4,1kg,당일 (10/12),-,1일전 (10/11),"10,380",1주일전 (10/05),-,2주일전 (09/28),-,1개월전,"9,159",1년전,"9,991",일평년,"10,808",2024-10-12,
깐마늘(국산),258,깐마늘(국산)(1kg),1,상품,4,1kg,당일 (10/14),"10,380",1일전 (10/13),-,1주일전 (10/07),"10,380",2주일전 (09/30),"10,380",1개월전,"9,159",1년전,"9,991",일평년,"10,808",2024-10-14,
깐마늘(국산),258,깐마늘(국산)(1kg),1,상품,4,1kg,당일 (10/15),"10,380",1일전 (10/14),"10,380",1주일전 (10/08),"10,380",2주일전 (10/01),-,1개월전,"9,159",1년전,"9,991",일평년,"10,808",2024-10-15,
깐마늘(국산),258,깐마늘(국산)(1kg),1,상품,4,1kg,당일 (10/16),"10,380",1일전 (10/15),"10,380",1주일전 (10/09),-,2주일전 (10/02),"10,380",1개월전,"9,159",1년전,"9,991",일평년,"10,808",2024-10-16,
깐마늘(국산),258,깐마늘(국산)(1kg),1,상품,4,1kg,당일 (10/17),"10,380",1일전 (10/16),"10,380",1주일전 (10/10),"10,380",2주일전 (10/03),-,1개월전,"9,159",1년전,"9,991",일평년,"10,808",2024-10-17,
깐마늘(국산),258,깐마늘(국산)(1kg),1,상품,4,1kg,당일 (10/18),"10,380",1일전 (10/17),"10,380",1주일전 (10/11),"10,380",2주일전 (10/04),"10,380",1개월전,"9,159",1년전,"9,991",일평년,"10,808",2024-10-18,
깐마늘(국산),258,깐마늘(국산)(1kg),1,상품,4,1kg,당일 (10/19),-,1일전 (10/18),"10,380",1주일전 (10/12),-,2주일전 (10/05),-,1개월전,"9,159",1년전,"9,991",일평년,"10,808",2024-10-19,
깐마늘(국산),258,깐마늘(국산)(1kg),1,상품,4,1kg,당일 (10/21),"10,380",1일전 (10/20),-,1주일전 (10/14),"10,380",2주일전 (10/07),"10,380",1개월전,"10,279",1년전,"9,851",일평년,"10,766",2024-10-21,
깐마늘(국산),258,깐마늘(국산)(1kg),1,상품,4,1kg,당일 (10/22),"10,380",1일전 (10/21),"10,380",1주일전 (10/15),"10,380",2주일전 (10/08),"10,380",1개월전,"10,279",1년전,"9,851",일평년,"10,766",2024-10-22,
깐마늘(국산),258,깐마늘(국산)(1kg),1,상품,4,1kg,당일 (10/23),"10,380",1일전 (10/22),"10,380",1주일전 (10/16),"10,380",2주일전 (10/09),-,1개월전,"10,279",1년전,"9,851",일평년,"10,766",2024-10-23,
깐마늘(국산),258,깐마늘(국산)(1kg),1,상품,4,1kg,당일 (10/24),"10,380",1일전 (10/23),"10,380",1주일전 (10/17),"10,380",2주일전 (10/10),"10,380",1개월전,"10,279",1년전,"9,851",일평년,"10,766",2024-10-24,
깐마늘(국산),258,깐마늘(국산)(1kg),1,상품,4,1kg,당일 (10/25),"10,380",1일전 (10/24),"10,380",1주일전 (10/18),"10,380",2주일전 (10/11),"10,380",1개월전,"10,279",1년전,"9,851",일평년,"10,766",2024-10-25,
깐마늘(국산),258,깐마늘(국산)(1kg),1,상품,4,1kg,당일 (10/26),-,1일전 (10/25),"10,380",1주일전 (10/19),-,2주일전 (10/12),-,1개월전,"10,279",1년전,"9,851",일평년,"10,766",2024-10-26,
깐마늘(국산),258,깐마늘(국산)(1kg),1,상품,4,1kg,당일 (10/28),"10,380",1일전 (10/27),-,1주일전 (10/21),"10,380",2주일전 (10/14),"10,380",1개월전,"10,279",1년전,"9,851",일평년,"10,766",2024-10-28,
깐마늘(국산),258,깐마늘(국산)(1kg),1,상품,4,1kg,당일 (10/31),-,1일전 (10/30),"10,380",1주일전 (10/24),"10,380",2주일전 (10/17),"10,380",1개월전,"10,279",1년전,"9,851",일평년,"10,766",2024-10-31,
깐마늘(국산),258,깐마늘(국산)(1kg),01,상품,04,1kg,당일 (11/01),"10,317",1일전 (10/31),"10,603",1주일전 (10/25),"10,786",2주일전 (10/18),"10,819",1개월전,"10,314",1년전,"8,690",일평년,"10,380",2024-11-01,서울
